date,room_type,price,occupancy
2023-08-15,Standard,8056.458767185363,0.9292545792199902
2023-08-15,Deluxe,11081.317665238124,0.6140009077838385
2023-08-15,Suite,12083.885433313471,0.7580831700031219
2023-08-16,Standard,6629.923629817264,0.7699559637749582
2023-08-16,Deluxe,8274.814165808106,0.618323485228392
2023-08-16,Suite,13042.637251959182,0.9127507574022657
2023-08-17,Standard,8186.337784073514,0.57734963760564
2023-08-17,Deluxe,8707.650568939775,0.800919238362
2023-08-17,Suite,16772.51863580427,0.5365189654113816
2023-08-18,Standard,9319.659837263558,0.9350638808143759
2023-08-18,Deluxe,10463.481158185668,0.5455089347002839
2023-08-18,Suite,16831.876086255554,0.9801192459445687
2023-08-19,Standard,8263.258737763372,0.5291466885100007
2023-08-19,Deluxe,9185.91909024893,0.9608356189944625
2023-08-19,Suite,14494.173760002252,0.8805066482399134
2023-08-20,Standard,8554.095765330263,0.8378973888682097
2023-08-20,Deluxe,10440.489250825429,0.6353344690138449
2023-08-20,Suite,15550.788492881966,0.6466181363599519
2023-08-21,Standard,7205.2508386966065,0.8097913292723307
2023-08-21,Deluxe,10438.735183958477,0.8147180832473306
2023-08-21,Suite,14587.455232144002,0.6434225325879902
2023-08-22,Standard,6410.099505315629,0.9708346936265526
2023-08-22,Deluxe,8069.934706155866,0.9162983488380859
2023-08-22,Suite,16993.905838207116,0.8225157930371387
2023-08-23,Standard,8544.191955447111,0.5337899498921125
2023-08-23,Deluxe,9903.864473329344,0.6109321292741858
2023-08-23,Suite,13370.434737749574,0.6865968474467568
2023-08-24,Standard,9569.040265692654,0.7601012605351967
2023-08-24,Deluxe,11998.441986393571,0.5115352929183685
2023-08-24,Suite,15202.552018220182,0.858756318771301
2023-08-25,Standard,9571.228583305228,0.9149662807704733
2023-08-25,Deluxe,10657.7452094267,0.9090346044315307
2023-08-25,Suite,16060.005656720146,0.8791072786565952
2023-08-26,Standard,7890.991109016721,0.5051077164595611
2023-08-26,Deluxe,9284.907129610776,0.6887733410005505
2023-08-26,Suite,13590.182080965924,0.6985597234721276
2023-08-27,Standard,8572.93722520862,0.7485140694598463
2023-08-27,Deluxe,9347.865975950786,0.65996421694799
2023-08-27,Suite,16219.31700362692,0.6486173983666762
2023-08-28,Standard,6614.101977089806,0.5314381444827638
2023-08-28,Deluxe,11084.897167717063,0.7677649737002052
2023-08-28,Suite,12101.225142620964,0.8263038373757224
2023-08-29,Standard,8710.35993141858,0.8989615819071686
2023-08-29,Deluxe,9202.391971833413,0.5007236523842463
2023-08-29,Suite,17266.97733245732,0.6049324351387896
2023-08-30,Standard,7496.974326921913,0.7759637469903444
2023-08-30,Deluxe,11452.227949211008,0.7445303716621189
2023-08-30,Suite,13728.606309675592,0.589330072862468
2023-08-31,Standard,7803.0916537055045,0.650408400995425
2023-08-31,Deluxe,9336.842337165535,0.5118216823718618
2023-08-31,Suite,17078.536413770576,0.9069523761583103
2023-09-01,Standard,9354.429022247823,0.6312487678206334
2023-09-01,Deluxe,8003.400224797719,0.6994742338535473
2023-09-01,Suite,17038.44532451578,0.7835704403147911
2023-09-02,Standard,7460.963858235568,0.9999184798699827
2023-09-02,Deluxe,10547.095306023586,0.6555436645361228
2023-09-02,Suite,13621.22647703942,0.6423640527007359
2023-09-03,Standard,8636.072289741527,0.9018758117950902
2023-09-03,Deluxe,8376.559433113225,0.6650823195434995
2023-09-03,Suite,17957.436980089333,0.5884876464990948
2023-09-04,Standard,9405.947574909664,0.510920897426921
2023-09-04,Deluxe,8348.397774380579,0.6817194014023462
2023-09-04,Suite,15193.327026589253,0.8237597086118545
2023-09-05,Standard,6719.961417357314,0.9490727946716448
2023-09-05,Deluxe,11179.300979931479,0.5508141363350477
2023-09-05,Suite,13513.65426197445,0.7712330143281172
2023-09-06,Standard,9074.528853772536,0.957656271139468
2023-09-06,Deluxe,8520.8683300987,0.8642598185073354
2023-09-06,Suite,15411.180505844706,0.9006344947783638
2023-09-07,Standard,8033.933385256116,0.752589745922267
2023-09-07,Deluxe,11834.632537593452,0.8752670073643316
2023-09-07,Suite,14969.820973238915,0.7089529577848424
2023-09-08,Standard,9140.647825952448,0.607024665671303
2023-09-08,Deluxe,11260.842663604515,0.9226009007427852
2023-09-08,Suite,12238.09778668482,0.5564838272825383
2023-09-09,Standard,8929.848849176497,0.6945363754499017
2023-09-09,Deluxe,8720.313889595087,0.6827121034566515
2023-09-09,Suite,13063.770606470842,0.9869451039031238
2023-09-10,Standard,7318.187214882449,0.6914599947339206
2023-09-10,Deluxe,8968.571998447951,0.7423694036793499
2023-09-10,Suite,17492.013347418524,0.8550366695668523
2023-09-11,Standard,6961.979998943226,0.556297301701296
2023-09-11,Deluxe,10226.410072290406,0.8774859063975404
2023-09-11,Suite,13213.521314486703,0.8103968012754701
2023-09-12,Standard,8987.669145505432,0.7700139931879175
2023-09-12,Deluxe,10933.250048969943,0.8741662270082741
2023-09-12,Suite,15222.214952743747,0.8791455219337234
2023-09-13,Standard,8507.65867369673,0.7614526924009593
2023-09-13,Deluxe,11033.804758367194,0.938670868356799
2023-09-13,Suite,17838.911978582837,0.5353515560585499
2023-09-14,Standard,8294.621628540637,0.7793277681450117
2023-09-14,Deluxe,11514.620018227659,0.9705461548751309
2023-09-14,Suite,13747.318817658268,0.9805348496188036
2023-09-15,Standard,9492.278881371618,0.7059461820422719
2023-09-15,Deluxe,8776.843569478959,0.8617559898266272
2023-09-15,Suite,17374.46315324487,0.93712259015088
2023-09-16,Standard,7816.222862207198,0.5232851236144913
2023-09-16,Deluxe,10689.966671440356,0.8969385607288245
2023-09-16,Suite,12986.191495463985,0.7078385218619934
2023-09-17,Standard,7254.465597021037,0.5679115085992172
2023-09-17,Deluxe,11883.3156546521,0.7395424051175357
2023-09-17,Suite,12633.666508599701,0.8591114809284716
2023-09-18,Standard,7999.229357485929,0.7684322206574401
2023-09-18,Deluxe,9670.683889997337,0.798241101815767
2023-09-18,Suite,12138.764436647913,0.7206952075159966
2023-09-19,Standard,8280.871223870736,0.5070498667993972
2023-09-19,Deluxe,9802.328447391204,0.6818471983010148
2023-09-19,Suite,15973.495900281905,0.6513538581366412
2023-09-20,Standard,9525.002828157198,0.6823293329061956
2023-09-20,Deluxe,11685.336299327872,0.5536799378823851
2023-09-20,Suite,17544.50980426835,0.5139512567310852
2023-09-21,Standard,7520.707475922176,0.6798650982185473
2023-09-21,Deluxe,11459.725167152095,0.9674083226405846
2023-09-21,Suite,12407.921278654068,0.8349345995919559
2023-09-22,Standard,7685.156791827904,0.5687472471514646
2023-09-22,Deluxe,11448.445063529813,0.5399528271823353
2023-09-22,Suite,12876.133619340742,0.8365137684137758
2023-09-23,Standard,8610.764500739737,0.8109515307508925
2023-09-23,Deluxe,11170.382473495665,0.9653510085459857
2023-09-23,Suite,16727.000561999892,0.6568091598224063
2023-09-24,Standard,7126.157798415527,0.5603908465686649
2023-09-24,Deluxe,9008.714100674788,0.6597992929001815
2023-09-24,Suite,15268.673620028694,0.5936888440921094
2023-09-25,Standard,6666.75580711458,0.945565563057742
2023-09-25,Deluxe,9722.763395049218,0.6390515593804105
2023-09-25,Suite,17823.01879841979,0.9049482740228734
2023-09-26,Standard,9181.610906425696,0.6920416413294113
2023-09-26,Deluxe,8860.95267380735,0.9233422156660158
2023-09-26,Suite,13229.85081775957,0.5241347285127766
2023-09-27,Standard,8403.618331490734,0.6923180114787779
2023-09-27,Deluxe,10099.409372788956,0.5187739077761199
2023-09-27,Suite,15587.54438785507,0.6305879401723176
2023-09-28,Standard,8455.421624129684,0.5102874985399461
2023-09-28,Deluxe,9418.510560949257,0.8811276954227172
2023-09-28,Suite,12460.202194252632,0.8199519033652742
2023-09-29,Standard,9004.351465260655,0.6834344946507073
2023-09-29,Deluxe,10453.553610288145,0.5565851539546314
2023-09-29,Suite,15954.565134373113,0.7506485183663354
2023-09-30,Standard,7008.910827936424,0.9183515340237483
2023-09-30,Deluxe,8163.947596881743,0.594755874722067
2023-09-30,Suite,15234.366543403317,0.5035831737459778
2023-10-01,Standard,7714.472920511316,0.6143445991937946
2023-10-01,Deluxe,11246.871529546153,0.7116590989070035
2023-10-01,Suite,15087.066971130558,0.8007179909397628
2023-10-02,Standard,9557.902455446383,0.5774447878724913
2023-10-02,Deluxe,11318.722360791191,0.6691353116275229
2023-10-02,Suite,15057.981457503985,0.9854607475912263
2023-10-03,Standard,6761.888156420548,0.5171062633076465
2023-10-03,Deluxe,10602.013377755717,0.7598638512578006
2023-10-03,Suite,17927.848613944712,0.8273318833339779
2023-10-04,Standard,9279.689607033664,0.7337398243432238
2023-10-04,Deluxe,10034.044230652895,0.632460626537314
2023-10-04,Suite,16070.156412611292,0.6092972896035153
2023-10-05,Standard,6459.696631707086,0.7920007936030546
2023-10-05,Deluxe,9553.41984989554,0.7806033632575998
2023-10-05,Suite,17287.05467574978,0.8889014411023022
2023-10-06,Standard,8364.774098100432,0.7385048663466682
2023-10-06,Deluxe,8201.072364181064,0.9195643906259221
2023-10-06,Suite,16724.64197948735,0.549553663015752
2023-10-07,Standard,7725.746821883624,0.6220547423263296
2023-10-07,Deluxe,8810.402167391903,0.7308034975942292
2023-10-07,Suite,17232.106112456207,0.5660492567966787
2023-10-08,Standard,7431.675562255309,0.8947431198336271
2023-10-08,Deluxe,9990.153840334537,0.9136024825031784
2023-10-08,Suite,14514.77765839464,0.5533482395910199
2023-10-09,Standard,7032.355486641694,0.9513242629527106
2023-10-09,Deluxe,10987.031537034534,0.7878476271203029
2023-10-09,Suite,12984.317817155188,0.8673502494274393
2023-10-10,Standard,6627.454960522211,0.7122514492401364
2023-10-10,Deluxe,10223.982199231184,0.9282324768348469
2023-10-10,Suite,13460.438472812013,0.6502648950543731
2023-10-11,Standard,8068.199167724459,0.9645796981842385
2023-10-11,Deluxe,9398.01178368408,0.5765971939405976
2023-10-11,Suite,13983.021960933933,0.884209545531577
2023-10-12,Standard,7236.095077821952,0.5927619907499917
2023-10-12,Deluxe,10182.522046796657,0.568517452667761
2023-10-12,Suite,12886.731084067906,0.6604784315360275
2023-10-13,Standard,6467.231649233445,0.8024762037825297
2023-10-13,Deluxe,9123.802153827473,0.5378064008931084
2023-10-13,Suite,15744.67941209687,0.8366615434744549
2023-10-14,Standard,9547.545653872507,0.8482761564670965
2023-10-14,Deluxe,11909.68858743861,0.7674774643682438
2023-10-14,Suite,17233.77502732304,0.5452705998253246
2023-10-15,Standard,7475.122364831937,0.5660211626927807
2023-10-15,Deluxe,9942.25464043306,0.9260236801300491
2023-10-15,Suite,14390.868090205873,0.8444575842307254
2023-10-16,Standard,8417.971135739044,0.7833355684403045
2023-10-16,Deluxe,9805.496971029033,0.7980691390544711
2023-10-16,Suite,13534.382445181425,0.6400940976838257
2023-10-17,Standard,7727.615090669413,0.7536132722573541
2023-10-17,Deluxe,10460.954623684564,0.9116483752797172
2023-10-17,Suite,17152.042448803397,0.7576488553315264
2023-10-18,Standard,8019.593479982332,0.593673544971713
2023-10-18,Deluxe,9177.433601222134,0.5094145824902705
2023-10-18,Suite,13893.52687549395,0.5318425540706311
2023-10-19,Standard,8890.463744755913,0.7933136991237103
2023-10-19,Deluxe,11459.633748440223,0.6971483576950059
2023-10-19,Suite,16626.239085156998,0.9337378642005147
2023-10-20,Standard,8576.213967551279,0.9581473677065868
2023-10-20,Deluxe,8057.809899782442,0.5656898511647708
2023-10-20,Suite,13197.516176796094,0.8677109866768382
2023-10-21,Standard,8366.625590589032,0.5651049053999104
2023-10-21,Deluxe,10812.079607012241,0.9841016788850847
2023-10-21,Suite,14019.545225772217,0.9966297124544001
2023-10-22,Standard,7382.6353883682295,0.5517475505435627
2023-10-22,Deluxe,10658.369173386143,0.9359021868429988
2023-10-22,Suite,13297.459264262301,0.5377612011144599
2023-10-23,Standard,9465.931533548597,0.5091071910136555
2023-10-23,Deluxe,8740.5889092879,0.9784922973517454
2023-10-23,Suite,15686.378524050948,0.8264738643209886
2023-10-24,Standard,9110.316086667042,0.8033674447745537
2023-10-24,Deluxe,9259.80191250999,0.9505358760539317
2023-10-24,Suite,16009.19516506302,0.6528826438358937
2023-10-25,Standard,8361.480469507118,0.8483082255045605
2023-10-25,Deluxe,9909.339382648739,0.6775784578733792
2023-10-25,Suite,12828.39504778124,0.6691736417246996
2023-10-26,Standard,6636.430588441694,0.6076446069637419
2023-10-26,Deluxe,8407.383577023198,0.8763407341522181
2023-10-26,Suite,17058.211849518542,0.9390338103787799
2023-10-27,Standard,8807.139925974121,0.6159865416707089
2023-10-27,Deluxe,10378.437222380475,0.7290645707035674
2023-10-27,Suite,13717.318705391794,0.5811898112058529
2023-10-28,Standard,9180.94602825264,0.6087276668283537
2023-10-28,Deluxe,10577.076954419545,0.9703728615164198
2023-10-28,Suite,14966.819531042203,0.5146008775529276
2023-10-29,Standard,7631.610514087113,0.5839432326026464
2023-10-29,Deluxe,10388.117119488708,0.6933656113233619
2023-10-29,Suite,14740.802379444318,0.9965342505649369
2023-10-30,Standard,6755.304618046765,0.9455822199167514
2023-10-30,Deluxe,11162.404447944778,0.9710058123527137
2023-10-30,Suite,14003.447438530302,0.7696667731908745
2023-10-31,Standard,8208.800218206716,0.6839834172555268
2023-10-31,Deluxe,11251.817797154115,0.7815578646213641
2023-10-31,Suite,12475.741731337463,0.7220296765341607
2023-11-01,Standard,6946.802421329589,0.7483875212832283
2023-11-01,Deluxe,9136.931155877213,0.8984432697406883
2023-11-01,Suite,17080.145075858443,0.8269647303762941
2023-11-02,Standard,6719.850911330222,0.5648377918689782
2023-11-02,Deluxe,9954.627768537317,0.904910578873961
2023-11-02,Suite,17329.426460429117,0.577465586427619
2023-11-03,Standard,9151.466594094807,0.525497415392586
2023-11-03,Deluxe,8491.80318808172,0.9731585494189454
2023-11-03,Suite,16052.834821672912,0.8208214066854802
2023-11-04,Standard,7656.711500561384,0.906877153415898
2023-11-04,Deluxe,11656.488441594456,0.953295080842294
2023-11-04,Suite,12382.61239759652,0.7314966265558149
2023-11-05,Standard,6976.786539356505,0.6159333319651668
2023-11-05,Deluxe,8452.659697692436,0.745860442570619
2023-11-05,Suite,13416.176656537682,0.5888663536810361
2023-11-06,Standard,6672.986393070572,0.8629319855277787
2023-11-06,Deluxe,9349.652059430726,0.6588613615988705
2023-11-06,Suite,15450.528406623967,0.8358215744508323
2023-11-07,Standard,6623.975383852107,0.530567106809242
2023-11-07,Deluxe,8325.48992853891,0.7394857360032103
2023-11-07,Suite,15158.259330557907,0.80481463784365
2023-11-08,Standard,8006.45918032126,0.8110524696849629
2023-11-08,Deluxe,9816.123368018038,0.7076682921660413
2023-11-08,Suite,17269.179957806085,0.5906491426855744
2023-11-09,Standard,8967.162585969081,0.6947884229648958
2023-11-09,Deluxe,9768.951428617424,0.5981055188560046
2023-11-09,Suite,16994.727338554352,0.9627253828295486
2023-11-10,Standard,7323.695211674727,0.5603071967405309
2023-11-10,Deluxe,11508.414031430604,0.7659757839245614
2023-11-10,Suite,13620.702280187636,0.5997864732162612
2023-11-11,Standard,8987.847271472288,0.9565532104530394
2023-11-11,Deluxe,11510.209473082103,0.6633472136880223
2023-11-11,Suite,14311.498217736469,0.7686473658021918
2023-11-12,Standard,7612.505779001141,0.8202642887087944
2023-11-12,Deluxe,8612.165648199163,0.9316555609535816
2023-11-12,Suite,15856.937790094382,0.8063922996702046
2023-11-13,Standard,7072.842531593822,0.8991714519155657
2023-11-13,Deluxe,8509.356800016725,0.5322698731768845
2023-11-13,Suite,16765.675733755328,0.8031365952118027
2023-11-14,Standard,6764.305151286801,0.9803815128874442
2023-11-14,Deluxe,10599.952008783059,0.5250260238385003
2023-11-14,Suite,12220.080682142916,0.9333201926349299
2023-11-15,Standard,7700.0284784007745,0.8161288877479749
2023-11-15,Deluxe,10432.105001073314,0.9587172903632377
2023-11-15,Suite,14302.992271012443,0.5901848830322477
2023-11-16,Standard,8767.390186988514,0.9549641228632735
2023-11-16,Deluxe,10336.404756365882,0.579573003251028
2023-11-16,Suite,16956.329329036194,0.5857591725177408
2023-11-17,Standard,9274.532039388945,0.9722319523099154
2023-11-17,Deluxe,10495.00313987423,0.7186345316637148
2023-11-17,Suite,17698.726011139923,0.5847572996298372
2023-11-18,Standard,6482.624903156904,0.8792951943727467
2023-11-18,Deluxe,8653.599048031352,0.5204159431602142
2023-11-18,Suite,17675.01023596072,0.5624633789948419
2023-11-19,Standard,6689.259877575814,0.9471600556474136
2023-11-19,Deluxe,10740.095131799368,0.8343409044566057
2023-11-19,Suite,17091.57338549346,0.5540077477682525
2023-11-20,Standard,9437.05723467419,0.9715038180640387
2023-11-20,Deluxe,8865.50471384185,0.8270455382072897
2023-11-20,Suite,16245.228458608746,0.6609982742462737
2023-11-21,Standard,8467.023647142507,0.8207862125678114
2023-11-21,Deluxe,10531.618221148097,0.6636062929265792
2023-11-21,Suite,13725.84449641573,0.83913168220359
2023-11-22,Standard,8344.126406604755,0.6675886257780443
2023-11-22,Deluxe,9620.44287710301,0.7627024115163473
2023-11-22,Suite,13814.98165645997,0.534150251789317
2023-11-23,Standard,7529.246304522001,0.9897588159164865
2023-11-23,Deluxe,8050.519735322306,0.8176937514321729
2023-11-23,Suite,17884.641963250553,0.9371460864171794
2023-11-24,Standard,9215.088897968355,0.7748620986868017
2023-11-24,Deluxe,8607.19309161448,0.5613505956025096
2023-11-24,Suite,15066.949865871924,0.7574733750416411
2023-11-25,Standard,6804.132835430036,0.604934574672944
2023-11-25,Deluxe,9356.568380428707,0.6795808598694869
2023-11-25,Suite,12052.256918150055,0.8367647587831415
2023-11-26,Standard,9098.509169536288,0.9024203298843082
2023-11-26,Deluxe,10677.901050336444,0.7550555828515736
2023-11-26,Suite,17653.09773026748,0.8174783375009484
2023-11-27,Standard,9056.762700223184,0.8471038787596348
2023-11-27,Deluxe,8773.243694582412,0.9354089755189157
2023-11-27,Suite,17802.502160373668,0.9131245237826102
2023-11-28,Standard,7825.796491859473,0.9689192168527327
2023-11-28,Deluxe,8493.955525150604,0.641917105169121
2023-11-28,Suite,15161.077448505435,0.8031226383381862
2023-11-29,Standard,7750.277070139002,0.7475324132355923
2023-11-29,Deluxe,8633.326578631972,0.5484092895970258
2023-11-29,Suite,15535.30845449531,0.6433853564295688
2023-11-30,Standard,9475.191793229671,0.8979779350801854
2023-11-30,Deluxe,10843.384780770413,0.7213426253070379
2023-11-30,Suite,16651.437653149274,0.8741605693779421
2023-12-01,Standard,9380.969121797616,0.8869666835569453
2023-12-01,Deluxe,11761.021720448776,0.8666426167264512
2023-12-01,Suite,17103.787627121004,0.7474525941586325
2023-12-02,Standard,8212.797506453093,0.6818193863397344
2023-12-02,Deluxe,8310.317103440657,0.6645495120528624
2023-12-02,Suite,17236.534474338507,0.6813173715121101
2023-12-03,Standard,8662.166436321193,0.6392086410476971
2023-12-03,Deluxe,11176.274163834749,0.7435759911236677
2023-12-03,Suite,14572.065677639615,0.6616057357833711
2023-12-04,Standard,7374.4666027447565,0.7551440959398257
2023-12-04,Deluxe,9037.703806216854,0.5983221661155503
2023-12-04,Suite,12863.85430782644,0.5045389488784504
2023-12-05,Standard,8766.55018972247,0.8978156236039144
2023-12-05,Deluxe,8163.9891090120445,0.6068341517601643
2023-12-05,Suite,14339.62463858789,0.9803556670830305
2023-12-06,Standard,7330.479375846948,0.5387135297494092
2023-12-06,Deluxe,9590.23356799263,0.7650922339431561
2023-12-06,Suite,13313.38795796941,0.7000719539332718
2023-12-07,Standard,8914.884468419934,0.8220393295049819
2023-12-07,Deluxe,9931.574020618142,0.6234524100723896
2023-12-07,Suite,12010.023086779052,0.7229849663394936
2023-12-08,Standard,6559.233293098591,0.9702010804306123
2023-12-08,Deluxe,11867.077786046537,0.8695194317712451
2023-12-08,Suite,12270.992741114727,0.8531652599182122
2023-12-09,Standard,7546.650283803167,0.7833751377214553
2023-12-09,Deluxe,11323.270467200835,0.7091352251549696
2023-12-09,Suite,16707.19434928659,0.5002929534264482
2023-12-10,Standard,6706.865138949709,0.732271009964093
2023-12-10,Deluxe,9139.896683786783,0.7886216409663587
2023-12-10,Suite,16191.327572377468,0.5944515250884398
2023-12-11,Standard,8833.68927850998,0.9845789606633893
2023-12-11,Deluxe,11679.653192196534,0.7552059349856007
2023-12-11,Suite,12023.15283330675,0.639733591946661
2023-12-12,Standard,8032.43011025735,0.6320332858136927
2023-12-12,Deluxe,8620.494602142435,0.8485789112047196
2023-12-12,Suite,13311.722370752299,0.5115302803185486
2023-12-13,Standard,7240.716040851646,0.8312949149921453
2023-12-13,Deluxe,8116.31144443419,0.7156555145115395
2023-12-13,Suite,13160.954702351111,0.5897821547648253
2023-12-14,Standard,7650.677483263547,0.5041932793302496
2023-12-14,Deluxe,8897.788827390923,0.5087535461941862
2023-12-14,Suite,12806.912399758245,0.7360544299555729
2023-12-15,Standard,7662.618039240849,0.5539509040250914
2023-12-15,Deluxe,8822.710195830994,0.6788838303163822
2023-12-15,Suite,17603.649790553212,0.822936105309978
2023-12-16,Standard,7567.262645556488,0.5878938264764781
2023-12-16,Deluxe,9528.230554773556,0.9180193243537227
2023-12-16,Suite,12384.071923010599,0.9600281906355621
2023-12-17,Standard,9499.511541519456,0.5643865264642958
2023-12-17,Deluxe,10482.746016690287,0.578091980599358
2023-12-17,Suite,16705.022121013444,0.7560103955939426
2023-12-18,Standard,8225.516826419773,0.6709126936931714
2023-12-18,Deluxe,8205.217360370525,0.9498108029991642
2023-12-18,Suite,12134.366608512042,0.5983578392224027
2023-12-19,Standard,9205.048060477335,0.9617438961062148
2023-12-19,Deluxe,9748.184154870438,0.7870014201661509
2023-12-19,Suite,14608.61004896399,0.8693604698976515
2023-12-20,Standard,7277.750402456327,0.6766039929633735
2023-12-20,Deluxe,8148.5393364802385,0.8730319427299961
2023-12-20,Suite,12165.929389943156,0.7584353454154447
2023-12-21,Standard,6694.442859163518,0.6916075168119771
2023-12-21,Deluxe,10596.269740656233,0.7052095403439828
2023-12-21,Suite,16568.11515501437,0.849798820762999
2023-12-22,Standard,9411.27045177281,0.774987369003334
2023-12-22,Deluxe,9355.940649447844,0.5600268130989707
2023-12-22,Suite,17180.705297209348,0.6841149215609392
2023-12-23,Standard,9213.095421845737,0.7845423787657069
2023-12-23,Deluxe,10162.465843842821,0.5084481555614118
2023-12-23,Suite,16966.239762409863,0.562773385103976
2023-12-24,Standard,6555.911877906764,0.9301053435354116
2023-12-24,Deluxe,8259.91762141154,0.9877066727923486
2023-12-24,Suite,17023.068771513685,0.9505880509041263
2023-12-25,Standard,9562.035315293277,0.653700445984882
2023-12-25,Deluxe,11842.945991026605,0.6784239357714668
2023-12-25,Suite,17191.924652797406,0.8496740713974715
2023-12-26,Standard,8803.990206140617,0.7842122578885613
2023-12-26,Deluxe,8938.12060964862,0.9428646160812131
2023-12-26,Suite,13006.856335104118,0.5841385256290541
2023-12-27,Standard,6556.423776597299,0.5995323205431462
2023-12-27,Deluxe,8903.672965318512,0.7706643681901424
2023-12-27,Suite,14462.431489911982,0.8213736046758706
2023-12-28,Standard,8856.020128031558,0.5491568717859436
2023-12-28,Deluxe,11394.349617604908,0.7781905489562913
2023-12-28,Suite,16018.189965514859,0.6401424899979052
2023-12-29,Standard,7558.263422874299,0.9272714111513827
2023-12-29,Deluxe,9543.080861095232,0.8929578568306096
2023-12-29,Suite,12631.823060189618,0.6721860215085473
2023-12-30,Standard,8248.173674894062,0.5984653818064312
2023-12-30,Deluxe,10746.627371938877,0.7534817277682939
2023-12-30,Suite,15672.777202415748,0.8133608415319442
2023-12-31,Standard,8156.5846478193325,0.7675197024486411
2023-12-31,Deluxe,8984.324544529361,0.5194807842696951
2023-12-31,Suite,13302.961951107452,0.6617483932123944
2024-01-01,Standard,8509.069572935963,0.7670698865736179
2024-01-01,Deluxe,8182.25255024727,0.7391371210180657
2024-01-01,Suite,14195.111971684251,0.7490073130916257
2024-01-02,Standard,9438.40781408238,0.8058383330462999
2024-01-02,Deluxe,10691.273729661842,0.9980322938631099
2024-01-02,Suite,12845.87032223562,0.7017693113088761
2024-01-03,Standard,8856.20293694068,0.9169722700875247
2024-01-03,Deluxe,9950.459455506598,0.8088824186337931
2024-01-03,Suite,16608.295496572056,0.6297719701264616
2024-01-04,Standard,7801.588620537026,0.7877823265273154
2024-01-04,Deluxe,9174.066729172044,0.5694374220402382
2024-01-04,Suite,13088.020431249424,0.5792930006467123
2024-01-05,Standard,7381.849367243081,0.970256594020755
2024-01-05,Deluxe,11752.314452664079,0.7439159135421562
2024-01-05,Suite,17420.578276900244,0.8065299579241412
2024-01-06,Standard,7599.351412826449,0.8832281385227869
2024-01-06,Deluxe,8585.835329795938,0.5522491297999339
2024-01-06,Suite,16284.347680950188,0.8160167380331692
2024-01-07,Standard,6974.958960212429,0.5528706031280397
2024-01-07,Deluxe,11158.985449259895,0.9712194958536733
2024-01-07,Suite,13125.413321447055,0.7088758080958049
2024-01-08,Standard,6479.653596036158,0.6752130894284742
2024-01-08,Deluxe,11213.964253626134,0.8538131235379082
2024-01-08,Suite,16945.41887473964,0.852930332180817
2024-01-09,Standard,8586.61791371707,0.8660182916890136
2024-01-09,Deluxe,9131.712917954865,0.5527623154555292
2024-01-09,Suite,16360.942146854506,0.9839076413252084
2024-01-10,Standard,7068.983595938698,0.832331711747105
2024-01-10,Deluxe,11752.09707899655,0.9187877193635594
2024-01-10,Suite,14406.42647327766,0.7148026352780521
2024-01-11,Standard,6764.931845922266,0.8930553994449055
2024-01-11,Deluxe,10038.57825247364,0.8775462563011149
2024-01-11,Suite,17239.092364022552,0.9420748400345348
2024-01-12,Standard,6821.794790470434,0.5223810818794576
2024-01-12,Deluxe,11035.552388046344,0.5395131485399197
2024-01-12,Suite,16912.797421067946,0.7036581114180525
2024-01-13,Standard,9207.848955073587,0.5677264112681404
2024-01-13,Deluxe,11425.004340601155,0.5313998953182668
2024-01-13,Suite,12033.041402037015,0.8115453791633036
2024-01-14,Standard,6971.050257523291,0.6820706853259427
2024-01-14,Deluxe,11516.139845355176,0.871712388176387
2024-01-14,Suite,16457.215880327327,0.8033558868527995
2024-01-15,Standard,7917.924491241374,0.7440383375986998
2024-01-15,Deluxe,10570.939948792515,0.8501330451453735
2024-01-15,Suite,12935.462583035916,0.8897882911860149
2024-01-16,Standard,7926.00500101851,0.6048923746877627
2024-01-16,Deluxe,8212.355064613626,0.7043651791035394
2024-01-16,Suite,12612.996688776795,0.7493527133025424
2024-01-17,Standard,8331.144989362849,0.8148527653708687
2024-01-17,Deluxe,9050.982468087199,0.7263907888981496
2024-01-17,Suite,13306.181218202913,0.7235506533936338
2024-01-18,Standard,7970.975715142253,0.9702352644642054
2024-01-18,Deluxe,11399.843587542877,0.859456611683209
2024-01-18,Suite,15012.38573490446,0.9911455691119354
2024-01-19,Standard,8246.98748472908,0.5500148286884425
2024-01-19,Deluxe,10051.057033305618,0.7466994696931379
2024-01-19,Suite,16412.40492836861,0.7792805782659745
2024-01-20,Standard,9420.327691972536,0.6875077931975382
2024-01-20,Deluxe,11091.561097490017,0.5368645480333832
2024-01-20,Suite,14589.837565766506,0.6976354945637846
2024-01-21,Standard,7656.002095653294,0.553773114534784
2024-01-21,Deluxe,11307.715379944932,0.7661714260874772
2024-01-21,Suite,16037.753305779906,0.7479304940460472
2024-01-22,Standard,9480.92286026131,0.8043542102997674
2024-01-22,Deluxe,11254.125224136555,0.8061996355454213
2024-01-22,Suite,15778.820064110956,0.5468456688613591
2024-01-23,Standard,8733.951591687986,0.5123106485645954
2024-01-23,Deluxe,11925.921114789035,0.7428436271828428
2024-01-23,Suite,12953.49404951487,0.6008080319282924
2024-01-24,Standard,8329.515331232687,0.6428391113870806
2024-01-24,Deluxe,11770.152210584041,0.9561250556044145
2024-01-24,Suite,16696.436602425078,0.7295818548933103
2024-01-25,Standard,7715.301455498761,0.9381651322693296
2024-01-25,Deluxe,10527.955565257344,0.9343622341715725
2024-01-25,Suite,17964.08526709909,0.9275554546915699
2024-01-26,Standard,8933.616897293776,0.6958286943889933
2024-01-26,Deluxe,8906.5727095709,0.5626417574474205
2024-01-26,Suite,13620.323811225771,0.7640915024672364
2024-01-27,Standard,7049.031886584783,0.6218116748716854
2024-01-27,Deluxe,8407.463016980753,0.7172702360087553
2024-01-27,Suite,12783.359993737657,0.7375696877430697
2024-01-28,Standard,8392.863151471554,0.9011901378960567
2024-01-28,Deluxe,8078.740071264296,0.7313135085148881
2024-01-28,Suite,16898.03212397141,0.5155947191278594
2024-01-29,Standard,6572.468080081411,0.8582348371322914
2024-01-29,Deluxe,8580.27578723558,0.8530009555194321
2024-01-29,Suite,14677.201700682068,0.7942938542655591
2024-01-30,Standard,7995.874124222064,0.8745963705598852
2024-01-30,Deluxe,9625.761711432997,0.8502111414988323
2024-01-30,Suite,13112.338027840751,0.508178682252457
2024-01-31,Standard,8512.359521479306,0.8365915135172928
2024-01-31,Deluxe,11170.107705882603,0.895839265742125
2024-01-31,Suite,17825.182224724427,0.8439242649659882
2024-02-01,Standard,7520.801618125878,0.5826374802340362
2024-02-01,Deluxe,10565.70953519543,0.9933464593517871
2024-02-01,Suite,15014.47517337908,0.9476756504931583
2024-02-02,Standard,7837.470919788338,0.5851488360722708
2024-02-02,Deluxe,8237.430091849139,0.8951691576032583
2024-02-02,Suite,15816.033295351936,0.8837236182126668
2024-02-03,Standard,6471.572360029616,0.8357591621140892
2024-02-03,Deluxe,10278.240791470484,0.5436742582158387
2024-02-03,Suite,17143.733791548377,0.7789309136721525
2024-02-04,Standard,8861.747265045713,0.6994445857080263
2024-02-04,Deluxe,8462.595737744125,0.863722683228064
2024-02-04,Suite,16924.307647679274,0.7158479996984672
2024-02-05,Standard,9383.078644763913,0.8363329153058117
2024-02-05,Deluxe,9549.806381831593,0.9939545414151252
2024-02-05,Suite,16120.544561223602,0.9169656091481009
2024-02-06,Standard,8608.929926002616,0.8910870934627857
2024-02-06,Deluxe,10297.42393725766,0.8987623806829221
2024-02-06,Suite,16616.124737383852,0.6516186997318677
2024-02-07,Standard,7564.48373477822,0.7104387021629364
2024-02-07,Deluxe,10014.128154831802,0.7208425117463573
2024-02-07,Suite,15515.746566056461,0.9630995730990655
2024-02-08,Standard,9257.486678776475,0.8869415147964881
2024-02-08,Deluxe,10711.407998067583,0.9515609210182964
2024-02-08,Suite,15264.970810684716,0.9416498732729371
2024-02-09,Standard,9321.99734082632,0.6125530898872509
2024-02-09,Deluxe,10849.469022888947,0.5384355639018735
2024-02-09,Suite,13461.294950808942,0.8237539633932908
2024-02-10,Standard,8962.061255174045,0.5595089199079528
2024-02-10,Deluxe,10249.190272372069,0.8537979164035239
2024-02-10,Suite,15768.487694455232,0.6668681145885572
2024-02-11,Standard,6800.113824859789,0.5951143524764373
2024-02-11,Deluxe,8124.412596602193,0.6877224412008297
2024-02-11,Suite,12653.178791436203,0.9949488085547065
2024-02-12,Standard,6628.603907971444,0.7147750058160791
2024-02-12,Deluxe,9891.010282808953,0.9963370030828762
2024-02-12,Suite,13557.60572014881,0.9154443865563662
2024-02-13,Standard,7431.381853144452,0.700114122980526
2024-02-13,Deluxe,9763.428162290928,0.9855456565052327
2024-02-13,Suite,15400.619552884824,0.6547586399336732
2024-02-14,Standard,9583.053198178231,0.75443054787308
2024-02-14,Deluxe,10763.743903748134,0.7360896073368688
2024-02-14,Suite,15927.592537515218,0.9537175990443543
2024-02-15,Standard,8980.689557835249,0.9739580584391325
2024-02-15,Deluxe,10403.01891955616,0.5751219900916036
2024-02-15,Suite,16851.24156046343,0.9049202579465594
2024-02-16,Standard,8365.952975452767,0.5937539267840182
2024-02-16,Deluxe,9667.584211089908,0.9805283907498685
2024-02-16,Suite,17520.839733712015,0.5618431058026017
2024-02-17,Standard,6700.995862743583,0.6132350362021628
2024-02-17,Deluxe,11447.510866732267,0.8187750883951403
2024-02-17,Suite,12430.637182141883,0.8976389017391444
2024-02-18,Standard,7005.611917818736,0.6201332556356052
2024-02-18,Deluxe,11361.997312955058,0.7233816991017917
2024-02-18,Suite,13086.748406301189,0.5581516499514654
2024-02-19,Standard,7902.677108738398,0.8215852563713438
2024-02-19,Deluxe,8442.604558470868,0.7919704054260468
2024-02-19,Suite,15970.912276247198,0.6190189077879862
2024-02-20,Standard,8885.107403167414,0.5991126182642741
2024-02-20,Deluxe,11833.991843180023,0.8382001250556812
2024-02-20,Suite,14600.345912501321,0.7105374237907811
2024-02-21,Standard,6511.171104717489,0.5303035647078739
2024-02-21,Deluxe,9910.875772042718,0.5341643927887574
2024-02-21,Suite,13327.493401687127,0.6194066424748801
2024-02-22,Standard,9447.354437073947,0.7771050674651552
2024-02-22,Deluxe,8062.889891428541,0.9429174327380907
2024-02-22,Suite,16378.74261087582,0.9855364639880991
2024-02-23,Standard,6670.674672888288,0.8679717078434074
2024-02-23,Deluxe,8300.03888864746,0.5772437920453906
2024-02-23,Suite,17599.23770915819,0.6953002694769479
2024-02-24,Standard,7855.353179008052,0.5310721210543583
2024-02-24,Deluxe,10157.754402654951,0.7463184836265261
2024-02-24,Suite,12840.764063315284,0.869836959386002
2024-02-25,Standard,6545.035526138113,0.6708887353305407
2024-02-25,Deluxe,10709.113911302946,0.7187710190847418
2024-02-25,Suite,16449.03555139592,0.7078941309459865
2024-02-26,Standard,8557.995731661873,0.8149029700567711
2024-02-26,Deluxe,11705.62759809909,0.7374244513318946
2024-02-26,Suite,14868.094764786421,0.5274510574068368
2024-02-27,Standard,8644.898992045899,0.8478415691771889
2024-02-27,Deluxe,11731.551675575829,0.7314282103965932
2024-02-27,Suite,15329.7208932846,0.6365025915774629
2024-02-28,Standard,9374.614617846179,0.9362944195617984
2024-02-28,Deluxe,11144.18901140617,0.916870890520229
2024-02-28,Suite,13979.120857360103,0.7244066671100988
2024-02-29,Standard,8171.085925388748,0.6738024803601455
2024-02-29,Deluxe,10859.787967844462,0.8610197267621007
2024-02-29,Suite,16290.511265519379,0.6468789068414027
2024-03-01,Standard,6859.603657941937,0.9155516854041033
2024-03-01,Deluxe,11398.128876014896,0.6585135007880389
2024-03-01,Suite,13583.753011672723,0.9783646851657793
2024-03-02,Standard,6751.498436615289,0.6854130257332697
2024-03-02,Deluxe,8758.492866570485,0.8903255322057261
2024-03-02,Suite,16871.11738243662,0.6143531178984445
2024-03-03,Standard,8959.035940975104,0.7463961975731808
2024-03-03,Deluxe,10006.485939765107,0.8515260857831788
2024-03-03,Suite,13270.430378633946,0.7463777572212741
2024-03-04,Standard,8137.9571855990025,0.7397329948955558
2024-03-04,Deluxe,8020.801126196609,0.7609962643650707
2024-03-04,Suite,13249.245381830311,0.7227444253004677
2024-03-05,Standard,8169.822677840538,0.9541886825995705
2024-03-05,Deluxe,11869.712007375754,0.8641534716834328
2024-03-05,Suite,15290.80366779286,0.7121926775428097
2024-03-06,Standard,7948.186187126993,0.9667520296082976
2024-03-06,Deluxe,8617.100782521362,0.598970858866988
2024-03-06,Suite,12395.34675644514,0.5480859587444644
2024-03-07,Standard,6806.376742526633,0.8355681645633803
2024-03-07,Deluxe,9951.566700133142,0.9588192803436271
2024-03-07,Suite,14187.462770527774,0.8946538111583784
2024-03-08,Standard,6729.199572569411,0.6967063563728015
2024-03-08,Deluxe,9832.885703369875,0.5776543322454706
2024-03-08,Suite,13035.13380644846,0.5543551305358105
2024-03-09,Standard,8790.291544940708,0.876313845046832
2024-03-09,Deluxe,8829.129413866345,0.6759822703661831
2024-03-09,Suite,14896.18797990822,0.5506189836183939
2024-03-10,Standard,9023.81077473115,0.8080569201242168
2024-03-10,Deluxe,9141.814716522358,0.6374820985544869
2024-03-10,Suite,16400.49746073049,0.5762267228031617
2024-03-11,Standard,9032.68229584047,0.5949817750096882
2024-03-11,Deluxe,9730.099357112966,0.6446113339096753
2024-03-11,Suite,14144.707531822483,0.9201953172107163
2024-03-12,Standard,8101.117114367879,0.6479531722100287
2024-03-12,Deluxe,11359.284226820717,0.8852701704605035
2024-03-12,Suite,12856.846382838414,0.7760826321169021
2024-03-13,Standard,7847.714103784954,0.6225617446996443
2024-03-13,Deluxe,10533.126313039607,0.7216754310604612
2024-03-13,Suite,16236.736283031229,0.5437912422904965
2024-03-14,Standard,6994.735170088328,0.6733053045537332
2024-03-14,Deluxe,10824.77609467285,0.5778658876525891
2024-03-14,Suite,12410.724892668248,0.9198263367234878
2024-03-15,Standard,6560.3463847786115,0.6960892274001824
2024-03-15,Deluxe,8742.835234284954,0.5946538512125206
2024-03-15,Suite,12380.383209443866,0.9177519282347084
2024-03-16,Standard,8438.01230424334,0.5504627414354732
2024-03-16,Deluxe,9467.954036320523,0.9211037649459995
2024-03-16,Suite,12750.090518844045,0.8936526992429553
2024-03-17,Standard,7782.923648797826,0.7454200650423359
2024-03-17,Deluxe,8204.640530609186,0.9487328286000782
2024-03-17,Suite,16968.618322498234,0.6227840908069534
2024-03-18,Standard,8489.867258779288,0.8074647359595922
2024-03-18,Deluxe,11316.193821215293,0.9806821422073162
2024-03-18,Suite,16126.510744942321,0.7485154191550112
2024-03-19,Standard,7989.865776059622,0.9604835015656856
2024-03-19,Deluxe,9686.67196806951,0.9103928806236201
2024-03-19,Suite,15860.362520523848,0.6483907907164682
2024-03-20,Standard,7116.519443692706,0.8017416439597007
2024-03-20,Deluxe,9565.227458633766,0.9485798189688163
2024-03-20,Suite,13128.214387404572,0.7620350932578714
2024-03-21,Standard,8712.688924399003,0.9155479450612527
2024-03-21,Deluxe,9571.636614014858,0.6839283145566541
2024-03-21,Suite,13088.520363490356,0.9419601675887483
2024-03-22,Standard,8638.358164881094,0.9772617651009676
2024-03-22,Deluxe,9433.958248228071,0.8585823628185363
2024-03-22,Suite,14675.312358396393,0.5183521785681673
2024-03-23,Standard,7151.979333291222,0.7930539790105463
2024-03-23,Deluxe,11889.547673973664,0.5374182899604811
2024-03-23,Suite,16225.530931313182,0.5699329456481801
2024-03-24,Standard,9105.250178062228,0.7421755975363008
2024-03-24,Deluxe,11502.929708050031,0.6890062166612675
2024-03-24,Suite,17332.461251293058,0.516888605688842
2024-03-25,Standard,6518.660300136784,0.7536456851442339
2024-03-25,Deluxe,9466.997428200762,0.5883084454911036
2024-03-25,Suite,16797.13881815478,0.7339314168779398
2024-03-26,Standard,7841.600602261811,0.8261044597488724
2024-03-26,Deluxe,11797.783150811445,0.9549613637223227
2024-03-26,Suite,16991.146296904357,0.9601820922826353
2024-03-27,Standard,6975.045475931108,0.6753696659483416
2024-03-27,Deluxe,9638.99903139118,0.5716709090543634
2024-03-27,Suite,12599.93176754746,0.9427616363864595
2024-03-28,Standard,6793.5269812064,0.8275873941484996
2024-03-28,Deluxe,8060.265269521207,0.8182335443471783
2024-03-28,Suite,13686.469619481839,0.996723913765651
2024-03-29,Standard,8027.234067911795,0.7434471240683875
2024-03-29,Deluxe,10451.256250801309,0.6673484995872389
2024-03-29,Suite,13981.533077761513,0.9810284397156197
2024-03-30,Standard,8151.494521106589,0.5510923082834491
2024-03-30,Deluxe,11760.216312401591,0.6064271926453892
2024-03-30,Suite,15444.538963257348,0.8925048225644188
2024-03-31,Standard,8456.205458641643,0.9797917195181949
2024-03-31,Deluxe,10492.241923059664,0.5439683806957225
2024-03-31,Suite,16281.947598048364,0.5705276504139694
2024-04-01,Standard,7343.143887210063,0.976900053959487
2024-04-01,Deluxe,9884.295902345011,0.6479189047308539
2024-04-01,Suite,15894.236964204752,0.5037013198973704
2024-04-02,Standard,7925.614216157566,0.8165247444168101
2024-04-02,Deluxe,11030.296270224922,0.9304848912587061
2024-04-02,Suite,12832.658108538451,0.7893940493005325
2024-04-03,Standard,7790.363810638759,0.5297658682297385
2024-04-03,Deluxe,10185.759066286968,0.8541068201883506
2024-04-03,Suite,14003.349624222805,0.9887426825382243
2024-04-04,Standard,7696.282341638266,0.7990757598785923
2024-04-04,Deluxe,8457.465446509403,0.676940505931842
2024-04-04,Suite,14516.906069070898,0.5192654553523364
2024-04-05,Standard,7012.186581906354,0.777006886446219
2024-04-05,Deluxe,9048.45025726707,0.6699975379601066
2024-04-05,Suite,13035.211440942505,0.9259283524788238
2024-04-06,Standard,8833.757037985692,0.9279609885141507
2024-04-06,Deluxe,9783.255591835928,0.6613522658756239
2024-04-06,Suite,17215.760269011615,0.6837265016215994
2024-04-07,Standard,8727.97801669569,0.796558176930958
2024-04-07,Deluxe,9671.672815192427,0.732240926122873
2024-04-07,Suite,15683.419388020526,0.90349911242266
2024-04-08,Standard,6686.525732712866,0.5385382522928186
2024-04-08,Deluxe,8081.491848063926,0.907470855453989
2024-04-08,Suite,12355.276214945181,0.8843131765471374
2024-04-09,Standard,8576.184066432625,0.8862126079973317
2024-04-09,Deluxe,8569.908413984773,0.7435168957151357
2024-04-09,Suite,17988.144967980337,0.5349918462000516
2024-04-10,Standard,8178.8711994983605,0.5851513632358541
2024-04-10,Deluxe,8854.50593284363,0.6459712686999439
2024-04-10,Suite,12695.557949945387,0.6400733714576428
2024-04-11,Standard,8017.710254981336,0.9948178419467034
2024-04-11,Deluxe,9894.076957400166,0.5905271450798151
2024-04-11,Suite,12250.708793979837,0.7426353331457067
2024-04-12,Standard,7160.279652712678,0.733046241189473
2024-04-12,Deluxe,11799.628375815768,0.6071226746417671
2024-04-12,Suite,16117.841920428724,0.6343892769266062
2024-04-13,Standard,8984.120625152871,0.9766615999524232
2024-04-13,Deluxe,9455.033220186235,0.6171081250025576
2024-04-13,Suite,13521.107685251667,0.8008195941331722
2024-04-14,Standard,8377.212625038897,0.7909340743040476
2024-04-14,Deluxe,11793.033300151026,0.6680902697867854
2024-04-14,Suite,13395.865666291145,0.8129121281265299
2024-04-15,Standard,8691.842601444858,0.7541039489281453
2024-04-15,Deluxe,11145.319138002453,0.7509977251859532
2024-04-15,Suite,15609.651041714927,0.8637364352530175
2024-04-16,Standard,9313.293411186918,0.8624810629953223
2024-04-16,Deluxe,10745.58010931906,0.7007255482713538
2024-04-16,Suite,12084.608544817425,0.7904764201659523
2024-04-17,Standard,9427.12386903105,0.9073212521730895
2024-04-17,Deluxe,8534.674933008495,0.6289159964210869
2024-04-17,Suite,14824.76177850513,0.8306321791648608
2024-04-18,Standard,6830.8203370166,0.990523368906264
2024-04-18,Deluxe,8334.277596106991,0.5058757583776796
2024-04-18,Suite,16946.27468315132,0.5340094423946186
2024-04-19,Standard,8851.034055147567,0.5312402181043333
2024-04-19,Deluxe,8229.663963998331,0.7008371561762825
2024-04-19,Suite,16302.729356643844,0.5718250242332328
2024-04-20,Standard,7311.538653173579,0.7366862545488126
2024-04-20,Deluxe,8399.661709950182,0.9685275002971233
2024-04-20,Suite,14381.739817191408,0.5046861205592552
2024-04-21,Standard,7419.280449128107,0.5627763067529786
2024-04-21,Deluxe,9820.656831410792,0.8803907306356715
2024-04-21,Suite,15484.854802204873,0.5751706525556686
2024-04-22,Standard,6488.461495533016,0.9285549870237089
2024-04-22,Deluxe,10127.740996150816,0.7265746749508094
2024-04-22,Suite,12156.952071387223,0.8478358061198685
2024-04-23,Standard,9567.609973865616,0.8265504427213737
2024-04-23,Deluxe,10709.572743489545,0.8113612550125329
2024-04-23,Suite,14678.92562662122,0.9536477009488864
2024-04-24,Standard,9018.406664753895,0.701292132789952
2024-04-24,Deluxe,9698.6267561763,0.8800391527534099
2024-04-24,Suite,17514.891411974004,0.6434427505001855
2024-04-25,Standard,9098.053167293081,0.7005803408748859
2024-04-25,Deluxe,9658.877378856114,0.6499429127569138
2024-04-25,Suite,15584.19371292761,0.7109726053812386
2024-04-26,Standard,6993.0204656221285,0.8254471564827452
2024-04-26,Deluxe,9377.76734898658,0.6393793875450431
2024-04-26,Suite,14617.681212219519,0.7078540436929603
2024-04-27,Standard,8382.22373302473,0.5993135849427762
2024-04-27,Deluxe,10532.810980908476,0.9988677302882183
2024-04-27,Suite,17102.18630601158,0.52407192793842
2024-04-28,Standard,7476.4037005472555,0.9690059490279711
2024-04-28,Deluxe,9714.476282880747,0.6276142891899823
2024-04-28,Suite,12998.671290749835,0.8048740922670934
2024-04-29,Standard,6472.488443971787,0.9452592025788187
2024-04-29,Deluxe,11274.179428753756,0.8114231947154948
2024-04-29,Suite,16795.51939287281,0.9241756486617769
2024-04-30,Standard,6797.294109129711,0.9692005439042648
2024-04-30,Deluxe,9429.988425685116,0.8382110082710867
2024-04-30,Suite,14047.073655201888,0.5492496710767805
2024-05-01,Standard,7128.484787002314,0.8001082920478305
2024-05-01,Deluxe,9070.163406999573,0.9256645108334125
2024-05-01,Suite,16589.303302618016,0.7603056495322452
2024-05-02,Standard,8575.366008885321,0.6758493923579145
2024-05-02,Deluxe,10755.246794213132,0.6152302810303192
2024-05-02,Suite,14681.555586653689,0.6946791044679765
2024-05-03,Standard,9009.618864524251,0.557522661527492
2024-05-03,Deluxe,8041.2260595263615,0.5085881894197248
2024-05-03,Suite,17673.699836059168,0.9870319101108326
2024-05-04,Standard,7691.532121481652,0.772068414959517
2024-05-04,Deluxe,8777.157063906647,0.6833938572923329
2024-05-04,Suite,17926.09629909735,0.9503879906950576
2024-05-05,Standard,6860.309382044283,0.7211152201305143
2024-05-05,Deluxe,9470.196989564743,0.7100982896966372
2024-05-05,Suite,12635.412343277272,0.8911953057215583
2024-05-06,Standard,6666.454931325249,0.5212135768503519
2024-05-06,Deluxe,9610.599530568226,0.8559033757386802
2024-05-06,Suite,13392.278837108985,0.6190347801918095
2024-05-07,Standard,9564.27892007966,0.8754342591091298
2024-05-07,Deluxe,10301.490834725575,0.8451096965105365
2024-05-07,Suite,17768.055402789672,0.8014299049828877
2024-05-08,Standard,6773.849601457985,0.5836608796842006
2024-05-08,Deluxe,8582.256411749675,0.8858614810815392
2024-05-08,Suite,17776.30526886285,0.9763863967893179
2024-05-09,Standard,7049.473311625682,0.9299924579591733
2024-05-09,Deluxe,11401.322699175278,0.741853966466936
2024-05-09,Suite,15132.006779664409,0.6801033221157008
2024-05-10,Standard,6441.571980447337,0.6231468802792752
2024-05-10,Deluxe,10374.00976692827,0.5814119677537263
2024-05-10,Suite,12302.941863650774,0.7128284591624832
2024-05-11,Standard,7580.689785728869,0.7434507903744672
2024-05-11,Deluxe,11546.053978447846,0.710068382750413
2024-05-11,Suite,12745.774122741032,0.8280042098954454
2024-05-12,Standard,8577.886311074715,0.843478741018691
2024-05-12,Deluxe,8153.217116600472,0.7163031354395584
2024-05-12,Suite,15626.073186028068,0.7467356474863641
2024-05-13,Standard,7640.511494228833,0.7171655149890436
2024-05-13,Deluxe,10189.939435029586,0.8939348386475149
2024-05-13,Suite,14506.790899175157,0.7022113250987078
2024-05-14,Standard,7413.585349700263,0.5105616234334501
2024-05-14,Deluxe,9980.5805508777,0.6227348274099139
2024-05-14,Suite,16241.330347655847,0.5693800677539671
2024-05-15,Standard,6858.572576014486,0.6722206905672388
2024-05-15,Deluxe,11572.208226157161,0.5169010095368949
2024-05-15,Suite,15241.47325956019,0.9275354538150001
2024-05-16,Standard,8744.911299378811,0.9891033359960497
2024-05-16,Deluxe,9112.290610466454,0.5853526493825696
2024-05-16,Suite,16155.526128739997,0.5457453444155604
2024-05-17,Standard,9028.313434101845,0.8583693438368957
2024-05-17,Deluxe,9889.247837772044,0.9141483432758313
2024-05-17,Suite,16151.534376371805,0.6108557719506726
2024-05-18,Standard,9541.012212400403,0.8871216069890352
2024-05-18,Deluxe,8081.062287125081,0.7032309640651722
2024-05-18,Suite,15407.242081179615,0.7621547674701032
2024-05-19,Standard,8922.005171750272,0.7534006477244222
2024-05-19,Deluxe,9211.393868839707,0.9504338075713962
2024-05-19,Suite,12902.91989550424,0.9988062006367233
2024-05-20,Standard,7155.394381690249,0.7302293528937362
2024-05-20,Deluxe,10821.900251105111,0.9039502217881379
2024-05-20,Suite,13960.014972103101,0.9855530288456875
2024-05-21,Standard,6995.990967682516,0.9320332386857693
2024-05-21,Deluxe,8660.39225458449,0.6166821305864658
2024-05-21,Suite,17838.525997869598,0.827720903063607
2024-05-22,Standard,7849.876320644195,0.8067203744390987
2024-05-22,Deluxe,10063.625812999166,0.8793327228442471
2024-05-22,Suite,13884.70519985102,0.7905581759835398
2024-05-23,Standard,8307.522269368474,0.8587194267573575
2024-05-23,Deluxe,10173.446342896592,0.8523429090608082
2024-05-23,Suite,14372.027077367233,0.9623597365722114
2024-05-24,Standard,7168.1076401836735,0.6180446994998767
2024-05-24,Deluxe,8490.887179837147,0.9537459384144309
2024-05-24,Suite,13546.810735412988,0.5862945279910217
2024-05-25,Standard,9212.061922651064,0.6329404730380914
2024-05-25,Deluxe,9985.081184346473,0.7036337600044635
2024-05-25,Suite,12632.388594128543,0.697733837107581
2024-05-26,Standard,7340.060306570145,0.9110351652544788
2024-05-26,Deluxe,11858.686084326493,0.5225918728548017
2024-05-26,Suite,12085.826625958827,0.6516226857724838
2024-05-27,Standard,7569.064506856069,0.7715566416704913
2024-05-27,Deluxe,10555.03853220391,0.897246618522372
2024-05-27,Suite,12056.67302392165,0.9102315889402628
2024-05-28,Standard,7599.15984077915,0.5378196821683462
2024-05-28,Deluxe,10245.173242139232,0.6911858657320373
2024-05-28,Suite,17113.165192455344,0.7983005691475409
2024-05-29,Standard,9578.426202070767,0.5816666673184037
2024-05-29,Deluxe,10476.656017679352,0.5462040457246954
2024-05-29,Suite,14186.273122074299,0.5953510339995334
2024-05-30,Standard,7661.294117157552,0.7859251780328553
2024-05-30,Deluxe,9829.283511101643,0.5165201344613648
2024-05-30,Suite,13825.910311916597,0.7144688105538031
2024-05-31,Standard,9312.267346363715,0.7120329129597385
2024-05-31,Deluxe,8846.45451959132,0.9138551033741886
2024-05-31,Suite,12415.983740464282,0.7815916914533039
2024-06-01,Standard,7951.819021495737,0.8877964592169774
2024-06-01,Deluxe,9617.895295288237,0.8744777404793369
2024-06-01,Suite,12864.99075851857,0.7003089202841744
2024-06-02,Standard,6683.024523669901,0.8265921514592711
2024-06-02,Deluxe,8595.051077699873,0.6785996075183441
2024-06-02,Suite,15480.650473638943,0.9643193364754973
2024-06-03,Standard,8309.603657257636,0.7854708256512442
2024-06-03,Deluxe,8387.696384182193,0.8618554569146102
2024-06-03,Suite,14454.679169205048,0.6394396610128779
2024-06-04,Standard,7656.143381010258,0.783969425135889
2024-06-04,Deluxe,8782.672132131862,0.9356332185534754
2024-06-04,Suite,15159.935471582474,0.8920438238239841
2024-06-05,Standard,7209.683683115612,0.7952655502248218
2024-06-05,Deluxe,9516.55261534529,0.8231981857967531
2024-06-05,Suite,13895.29022670699,0.7055193179007972
2024-06-06,Standard,7922.669859123453,0.5413243229959583
2024-06-06,Deluxe,11453.385866125498,0.5869370298120065
2024-06-06,Suite,14588.83574693469,0.8952450433851138
2024-06-07,Standard,7708.120551681788,0.6899286829928069
2024-06-07,Deluxe,11923.492344675169,0.5034565891948385
2024-06-07,Suite,12895.600481025816,0.8841836503312086
2024-06-08,Standard,7059.205504615271,0.9252639322607072
2024-06-08,Deluxe,8935.634745563962,0.5889500808460606
2024-06-08,Suite,17446.61284313718,0.9502837849246859
2024-06-09,Standard,8799.435089729766,0.8288490783325708
2024-06-09,Deluxe,10635.710027939373,0.6543538736270744
2024-06-09,Suite,17725.260214845985,0.8306569974981279
2024-06-10,Standard,9195.566772999491,0.9081757605726157
2024-06-10,Deluxe,8970.722564621434,0.7070892118285628
2024-06-10,Suite,15799.948913354045,0.5139656598450015
2024-06-11,Standard,8109.931760881072,0.5171103743072272
2024-06-11,Deluxe,10658.690290473976,0.9308058460239504
2024-06-11,Suite,17617.952266784036,0.5538199429589641
2024-06-12,Standard,6929.745177994397,0.7412977161380293
2024-06-12,Deluxe,8802.223559499425,0.9775082051749573
2024-06-12,Suite,17150.631750156106,0.6086945820824697
2024-06-13,Standard,7596.5983698287355,0.8387205376977216
2024-06-13,Deluxe,8709.92509587532,0.6330513572967423
2024-06-13,Suite,14827.963885327397,0.7646261003543315
2024-06-14,Standard,6742.383656232628,0.9760547694936156
2024-06-14,Deluxe,9819.575066262565,0.6745931372066705
2024-06-14,Suite,15385.34679952687,0.6435692579976018
2024-06-15,Standard,6705.450601204317,0.8382974435214843
2024-06-15,Deluxe,9089.144689806015,0.9121754285987809
2024-06-15,Suite,16075.990039669934,0.9149211411250583
2024-06-16,Standard,8351.171157498231,0.8623610582874601
2024-06-16,Deluxe,9256.734186261689,0.9271202512855435
2024-06-16,Suite,13977.278420445009,0.7899663955184036
2024-06-17,Standard,9193.21967283948,0.6468349128051317
2024-06-17,Deluxe,8363.634439883761,0.5909205412423746
2024-06-17,Suite,12276.122315150018,0.9427986464686692
2024-06-18,Standard,7339.910450936667,0.9553139736931183
2024-06-18,Deluxe,9147.665299537219,0.6992841060326433
2024-06-18,Suite,13200.794659644522,0.9445069100172199
2024-06-19,Standard,6580.097093991388,0.7537382650901844
2024-06-19,Deluxe,8005.099006027798,0.7329978568567957
2024-06-19,Suite,12173.692186945247,0.6974447304528126
2024-06-20,Standard,8742.301976582283,0.570822925211235
2024-06-20,Deluxe,10159.034491963024,0.5788849834216041
2024-06-20,Suite,15394.025437346889,0.9526584580901309
2024-06-21,Standard,7784.196796459305,0.5269951672651185
2024-06-21,Deluxe,10648.252777041296,0.6386740218232707
2024-06-21,Suite,16320.87796216685,0.6055118288426142
2024-06-22,Standard,6817.147901660622,0.5298738512160931
2024-06-22,Deluxe,11839.234957546647,0.5066882906050447
2024-06-22,Suite,13892.995538145311,0.6899890798762932
2024-06-23,Standard,7595.1761537632065,0.853647866368263
2024-06-23,Deluxe,10994.017741311842,0.7362532134480275
2024-06-23,Suite,15847.615191733796,0.6672478941865745
2024-06-24,Standard,9491.470173117232,0.7087792205568604
2024-06-24,Deluxe,10013.689932327421,0.6993728783261144
2024-06-24,Suite,17040.858119322387,0.7517184619773101
2024-06-25,Standard,8180.946456501404,0.5339828499102794
2024-06-25,Deluxe,11236.27164303818,0.7400477862124704
2024-06-25,Suite,13666.92210086001,0.5502687985882444
2024-06-26,Standard,7405.825713261501,0.9165943863315866
2024-06-26,Deluxe,8663.629500846168,0.5241146595053647
2024-06-26,Suite,12547.59700287088,0.9215997550256222
2024-06-27,Standard,8277.467248671412,0.6580319946347037
2024-06-27,Deluxe,10205.583381634955,0.7235029353184537
2024-06-27,Suite,14405.497209290543,0.6006352411039275
2024-06-28,Standard,8162.361700800547,0.912836161694503
2024-06-28,Deluxe,8649.868538128523,0.960519331676967
2024-06-28,Suite,15812.04035755658,0.976162388476296
2024-06-29,Standard,9131.1663188531,0.8294510807376577
2024-06-29,Deluxe,11378.048598533604,0.7508167698733605
2024-06-29,Suite,14799.822203459471,0.9461730271102629
2024-06-30,Standard,9141.434871947356,0.5447385701463767
2024-06-30,Deluxe,11042.397702095703,0.632915038315377
2024-06-30,Suite,16746.49754544895,0.6635517771835855
2024-07-01,Standard,7096.341482574986,0.5730566155332265
2024-07-01,Deluxe,8700.367829330686,0.6060190141533113
2024-07-01,Suite,16135.603470326389,0.5299929471582113
2024-07-02,Standard,7537.702833036478,0.6862198845818065
2024-07-02,Deluxe,10002.352013593672,0.6060815006594469
2024-07-02,Suite,13020.24918172441,0.9243657555556505
2024-07-03,Standard,7733.332589517436,0.9463978729911351
2024-07-03,Deluxe,11247.511948212645,0.9631471836429648
2024-07-03,Suite,13526.833028556079,0.8772522700429297
2024-07-04,Standard,6693.931566936054,0.6401679376751547
2024-07-04,Deluxe,8220.108304878451,0.5030550933662236
2024-07-04,Suite,14625.773552680112,0.9296445221993896
2024-07-05,Standard,8962.848532939312,0.9520796984644415
2024-07-05,Deluxe,10396.056512190682,0.8686046083278396
2024-07-05,Suite,15796.313051895391,0.5838157945903714
2024-07-06,Standard,8112.9083367730245,0.9891496808123519
2024-07-06,Deluxe,10692.028950829284,0.5875781699197616
2024-07-06,Suite,13758.748958111484,0.7210090401902852
2024-07-07,Standard,9420.882621720008,0.6215953366860394
2024-07-07,Deluxe,11455.510327373418,0.6588149330506776
2024-07-07,Suite,12815.086898768413,0.591853810587049
2024-07-08,Standard,6812.516207742295,0.8200235234363411
2024-07-08,Deluxe,8600.743616245958,0.9188495674988861
2024-07-08,Suite,13787.343538611905,0.6987718199236881
2024-07-09,Standard,6661.043259848318,0.9486308205414583
2024-07-09,Deluxe,8445.78449589828,0.8375841484622923
2024-07-09,Suite,17889.19081991985,0.5425014975836439
2024-07-10,Standard,8482.002690068719,0.9241231876183035
2024-07-10,Deluxe,9725.469036296716,0.8759962807984868
2024-07-10,Suite,17945.087223384977,0.9140020391959418
2024-07-11,Standard,7010.914726674707,0.5938189217637824
2024-07-11,Deluxe,11969.645401824118,0.9187691230126473
2024-07-11,Suite,14520.301589920093,0.8083534316434643
2024-07-12,Standard,6465.817323975734,0.8110154849574327
2024-07-12,Deluxe,10191.00196624774,0.648052109580056
2024-07-12,Suite,17288.15027735336,0.9843476309611995
2024-07-13,Standard,9522.001805352902,0.6970505288335762
2024-07-13,Deluxe,10197.565310003465,0.6117994984899635
2024-07-13,Suite,15801.973168520622,0.6730743908364489
2024-07-14,Standard,7550.446452473808,0.7116164156416755
2024-07-14,Deluxe,8641.028666560473,0.7984180497287566
2024-07-14,Suite,13832.945469790946,0.9054212175455131
2024-07-15,Standard,8179.117108308585,0.6707421233124429
2024-07-15,Deluxe,11092.62187373051,0.8417003016362783
2024-07-15,Suite,14425.284077687767,0.773890431534124
2024-07-16,Standard,6912.356954982078,0.6671389599843393
2024-07-16,Deluxe,8646.41253635627,0.584824557747993
2024-07-16,Suite,13421.211078546086,0.7218432418017877
2024-07-17,Standard,9266.156013121694,0.506033552874767
2024-07-17,Deluxe,10633.220230893585,0.8091874757946481
2024-07-17,Suite,17352.481126017854,0.5858190733713424
2024-07-18,Standard,6737.936532257106,0.5034154522470523
2024-07-18,Deluxe,11030.761825580183,0.6661731214219508
2024-07-18,Suite,16409.110230657872,0.8065182172607464
2024-07-19,Standard,7699.927701759194,0.5320506280244798
2024-07-19,Deluxe,10528.009584600699,0.8680542926217201
2024-07-19,Suite,12537.92321980946,0.9028013779044446
2024-07-20,Standard,7772.379987469144,0.6680399883668799
2024-07-20,Deluxe,9345.756108613547,0.57868500956137
2024-07-20,Suite,16804.13114981787,0.6158510745602422
2024-07-21,Standard,7922.36121677366,0.9506686242982554
2024-07-21,Deluxe,8156.342775478429,0.5251550523829545
2024-07-21,Suite,16019.704146094327,0.9012747926572523
2024-07-22,Standard,9111.195005298452,0.7854619816839563
2024-07-22,Deluxe,11867.608359806154,0.8095255463811742
2024-07-22,Suite,16309.306674328234,0.5971213644003073
2024-07-23,Standard,7468.607021595148,0.6764393166918821
2024-07-23,Deluxe,11065.24855377496,0.9878900806359412
2024-07-23,Suite,12119.568921053717,0.8487131565129737
2024-07-24,Standard,9072.57184436242,0.7707944737258192
2024-07-24,Deluxe,9915.746203157138,0.7614465424791947
2024-07-24,Suite,17981.622761875027,0.8001501307396591
2024-07-25,Standard,7793.023402439595,0.7346901270064904
2024-07-25,Deluxe,10942.868424158247,0.5798151288025705
2024-07-25,Suite,15450.981309314015,0.9247975377931683
2024-07-26,Standard,7547.406414300603,0.6480816542207025
2024-07-26,Deluxe,9112.924516860621,0.509694006033026
2024-07-26,Suite,13477.075443926069,0.575912329581995
2024-07-27,Standard,7707.694641442018,0.8863197890426553
2024-07-27,Deluxe,11281.67369073783,0.8950668638635269
2024-07-27,Suite,13548.268751606092,0.7125436289472604
2024-07-28,Standard,8027.0576918027,0.9833917767881453
2024-07-28,Deluxe,11687.581137798239,0.5127116195938135
2024-07-28,Suite,17418.65204561472,0.8347412147087963
2024-07-29,Standard,6594.511278389423,0.5522840010270527
2024-07-29,Deluxe,10559.916150089746,0.5275401695661056
2024-07-29,Suite,16612.08603516853,0.6869903388830352
2024-07-30,Standard,7656.110045844768,0.9327687177924285
2024-07-30,Deluxe,8813.229387110498,0.9789320475360361
2024-07-30,Suite,12866.940534826559,0.5515987010778307
2024-07-31,Standard,8724.3126140419,0.5204218390533439
2024-07-31,Deluxe,10210.129161254128,0.5167286595893876
2024-07-31,Suite,13083.220294781688,0.6989018434280878
2024-08-01,Standard,8302.28312109987,0.8875329670768293
2024-08-01,Deluxe,10821.047611344002,0.8222835613773967
2024-08-01,Suite,14831.182372407458,0.9872570046518916
2024-08-02,Standard,6626.285479486144,0.6486777808897203
2024-08-02,Deluxe,9743.498222280758,0.8164325490050587
2024-08-02,Suite,17178.71784735841,0.7810906558569963
2024-08-03,Standard,7356.942620710232,0.8895486344016934
2024-08-03,Deluxe,10220.673824965672,0.9331109338567649
2024-08-03,Suite,16092.274854884145,0.7051188243382747
2024-08-04,Standard,7961.79844726197,0.9617479902343967
2024-08-04,Deluxe,8118.842827656414,0.6596977836780383
2024-08-04,Suite,17802.51031911914,0.8593643807806151
2024-08-05,Standard,6878.626850282642,0.7260648203260894
2024-08-05,Deluxe,8625.747659575944,0.9748054928470717
2024-08-05,Suite,12927.750080079975,0.8988525255687252
2024-08-06,Standard,9308.994204972085,0.5806752118767089
2024-08-06,Deluxe,8196.86601110646,0.7339003138523474
2024-08-06,Suite,12910.033523314765,0.6230080002361416
2024-08-07,Standard,8250.781309527943,0.894654964340556
2024-08-07,Deluxe,9169.044632544259,0.8745369748614891
2024-08-07,Suite,13219.407785431727,0.6883071544351518
2024-08-08,Standard,7202.888159994721,0.7300511535700147
2024-08-08,Deluxe,9572.395849968885,0.9078297098041384
2024-08-08,Suite,14900.927165567213,0.8367701680737192
2024-08-09,Standard,8517.4496724634,0.930290115035491
2024-08-09,Deluxe,10395.92206741424,0.5778391140712684
2024-08-09,Suite,13672.379053907638,0.8098995153049273
2024-08-10,Standard,9036.924512441854,0.7732817838541409
2024-08-10,Deluxe,11321.323000282055,0.8729034746995064
2024-08-10,Suite,13449.33604292535,0.605059066433336
2024-08-11,Standard,8669.555103528477,0.7866221618954613
2024-08-11,Deluxe,10023.159761113367,0.648392298817956
2024-08-11,Suite,13016.542257986706,0.592609301002166
2024-08-12,Standard,6403.446166076295,0.6942080500709517
2024-08-12,Deluxe,8374.382452978823,0.6844026509784609
2024-08-12,Suite,17915.93736013829,0.6822829680220774
2024-08-13,Standard,8901.361908890916,0.9898300970452645
2024-08-13,Deluxe,9604.121277466978,0.853229663144879
2024-08-13,Suite,14179.247324993157,0.8948571295281131
